class_id,labels,scientific_name
0,ABBOTTS BABBLER,MALACOCINCLA ABBOTTI
1,ABBOTTS BOOBY,PAPASULA ABBOTTI
2,ABYSSINIAN GROUND HORNBILL,BUCORVUS ABYSSINICUS
3,AFRICAN CROWNED CRANE,BALEARICA REGULORUM
4,AFRICAN EMERALD CUCKOO,CHRYSOCOCCYX CUPREUS
5,AFRICAN FIREFINCH,LAGONOSTICTA RUBRICATA
6,AFRICAN OYSTER CATCHER,HAEMATOPUS MOQUINI
7,AFRICAN PIED HORNBILL,TOCKUS FASCIATUS
8,AFRICAN PYGMY GOOSE,NETTAPUS AURITUS
9,ALBATROSS,DIOMEDEIDAE
10,ALBERTS TOWHEE,PIPILO ABERTI
11,ALEXANDRINE PARAKEET,PSITTACULA EUPATRIA
12,ALPINE CHOUGH,PYRRHOCORAX GRACULUS
13,ALTAMIRA YELLOWTHROAT,GEOTHLYPIS FLAVOVELATA
14,AMERICAN AVOCET,PSITTACULA EUPATRIA
15,AMERICAN BITTERN,BOTAURUS LENTIGINOSUS
16,AMERICAN COOT,FULICA AMERICANA
17,AMERICAN DIPPER,CINCLUS MEXICANUS
18,AMERICAN FLAMINGO,PHOENICOPTERUS RUBER
19,AMERICAN GOLDFINCH,SPINUS TRISTIS
20,AMERICAN KESTREL,FALCO SPARVERIUS
21,AMERICAN PIPIT,ANTHUS RUBESCENS
22,AMERICAN REDSTART,SETOPHAGA RUTICILLA
23,AMERICAN ROBIN,TURDUS MIGRATORIUS
24,AMERICAN WIGEON,MARECA AMERICANA
25,AMETHYST WOODSTAR,CALLIPHLOX AMETHYSTINA
26,ANDEAN GOOSE,CHLOEPHAGA MELANOPTERA
27,ANDEAN LAPWING,VANELLUS RESPLENDENS
28,ANDEAN SISKIN,SPINUS SPINESCENS
29,ANHINGA,ANHINGA ANHINGA
30,ANIANIAU,MAGUMMA PARVA
31,ANNAS HUMMINGBIRD,CALYPTE ANNA
32,ANTBIRD,THAMNOPHILIDAE
33,ANTILLEAN EUPHONIA,EUPHONIA MUSICA
34,APAPANE,HIMATIONE SANGUINEA
35,APOSTLEBIRD,STRUTHIDEA CINEREA
36,ARARIPE MANAKIN,ANTILOPHIA BOKERMANNI
37,ASHY STORM PETREL,OCEANODROMA HOMOCHROA
38,ASHY THRUSHBIRD,GEOKICHLA CINEREA
39,ASIAN CRESTED IBIS,NIPPONIA NIPPON
40,ASIAN DOLLARD BIRD,EURYSTOMUS ORIENTALIS
41,ASIAN GREEN BEE EATER,MEROPS ORIENTALIS
42,ASIAN OPENBILL STORK,ANASTOMUS OSCITANS
43,AUCKLAND SHAQ,LEUCOCARBO COLENSOI
44,AUSTRAL CANASTERO,ASTHENES ANTHOIDES
45,AUSTRALASIAN FIGBIRD,SPHECOTHERES VIEILLOTI
46,AVADAVAT,AMANDAVA AMANDAVA
47,AZARAS SPINETAIL,SYNALLAXIS AZARAE
48,AZURE BREASTED PITTA,PITTA STEERII
49,AZURE JAY,CYANOCORAX CAERULEUS
50,AZURE TANAGER,THRAUPIS CYANOPTERA
51,AZURE TIT,CYANISTES CYANUS
52,BAIKAL TEAL,ANAS FORMOSA
53,BALD EAGLE,HALIAEETUS LEUCOCEPHALUS
54,BALD IBIS,GERONTICUS EREMITA
55,BALI STARLING,LEUCOPSAR ROTHSCHILDI
56,BALTIMORE ORIOLE,ICTERUS GALBULA
57,BANANAQUIT,COEREBA FLAVEOLA
58,BAND TAILED GUAN,PENELOPE ARGYROTIS
59,BANDED BROADBILL,EURYLAIMUS JAVANICUS
60,BANDED PITA,HYDRORNIS GUAJANA
61,BANDED STILT,CLADORHYNCHUS LEUCOCEPHALUS
62,BARN OWL,TYTO ALBA
63,BARN SWALLOW,HIRUNDO RUSTICA
64,BARRED PUFFBIRD,NYSTALUS RADIATUS
65,BARROWS GOLDENEYE,BUCEPHALA ISLANDICA
66,BAR-TAILED GODWIT,LIMOSA LAPPONICA
67,BAY-BREASTED WARBLER,SETOPHAGA CASTANEA
68,BEARDED BARBET,LYBIUS DUBIUS
69,BEARDED BELLBIRD,PROCNIAS AVERANO
70,BEARDED REEDLING,PANURUS BIARMICUS
71,BELTED KINGFISHER,MEGACERYLE ALCYON
72,BIRD OF PARADISE,STRELITZIA
73,BLACK AND YELLOW BROADBILL,EURYLAIMUS OCHROMALUS
74,BLACK BAZA,AVICEDA LEUPHOTES
75,BLACK BREASTED PUFFBIRD,NOTHARCHUS PECTORALIS
76,BLACK COCKATO,CALYPTORHYNCHUS LATIROSTRIS
77,BLACK FACED SPOONBILL,PLATALEA MINOR
78,BLACK FRANCOLIN,FRANCOLINUS FRANCOLINUS
79,BLACK HEADED CAIQUE,PIONITES MELANOCEPHALUS
80,BLACK NECKED STILT,HIMANTOPUS MEXICANUS
81,BLACK SKIMMER,RYNCHOPS NIGER
82,BLACK SWAN,CYGNUS ATRATUS
83,BLACK TAIL CRAKE,AMAURORNIS BICOLOR
84,BLACK THROATED BUSHTIT,AEGITHALOS CONCINNUS
85,BLACK THROATED HUET,PTEROPTOCHOS TARNII
86,BLACK THROATED WARBLER,SETOPHAGA CAERULESCENS
87,BLACK VENTED SHEARWATER,PUFFINUS OPISTHOMELA
88,BLACK VULTURE,CORAGYPS ATRATUS
89,BLACKBURNIAM WARBLER,SETOPHAGA FUSCA
90,BLACK-CAPPED CHICKADEE,POECILE ATRICAPILLUS
91,BLACK-NECKED GREBE,PODICEPS NIGRICOLLIS
92,BLACK-THROATED SPARROW,AMPHISPIZA BILINEATA
93,BLONDE CRESTED WOODPECKER,CELEUS FLAVESCENS
94,BLOOD PHEASANT,ITHAGINIS CRUENTUS
95,BLUE COAU,COUA CAERULEA
96,BLUE DACNIS,DACNIS CAYANA
97,BLUE GRAY GNATCATCHER,POLIOPTILA CAERULEA
98,BLUE GROSBEAK,PASSERINA CAERULEA
99,BLUE GROUSE,DENDRAGAPUS OBSCURUS
100,BLUE HERON,ARDEA HERODIAS
101,BLUE MALKOHA,CEUTHMOCHARES AEREUS
102,BLUE THROATED PIPING GUAN,PIPILE CUMANENSIS
103,BLUE THROATED TOUCANET,AULACORHYNCHUS CAERULEOGULARIS
104,BOBOLINK,DOLICHONYX ORYZIVORUS
105,BORNEAN BRISTLEHEAD,PITYRIASIS GYMNOCEPHALA
106,BORNEAN LEAFBIRD,CHLOROPSIS KINABALUENSIS
107,BORNEAN PHEASANT,POLYPLECTRON SCHLEIERMACHERI
108,BRANDT CORMARANT,PHALACROCORAX PENICILLATUS
109,BREWERS BLACKBIRD,EUPHAGUS CYANOCEPHALUS
110,BROWN CREPPER,CERTHIA AMERICANA
111,BROWN HEADED COWBIRD,MOLOTHRUS ATER
112,BROWN NOODY,ANOUS STOLIDUS
113,BROWN THRASHER,TOXOSTOMA RUFUM
114,BUFFLEHEAD,BUCEPHALA ALBEOLA
115,BULWERS PHEASANT,LOPHURA BULWERI
116,BURCHELLS COURSER,CURSORIUS RUFUS
117,BUSH TURKEY,ALECTURA LATHAMI
118,CAATINGA CACHOLOTE,PSEUDOSEISURA CRISTAT
119,CABOTS TRAGOPAN,TRAGOPAN CABOTI
120,CACTUS WREN,CAMPYLORHYNCHUS BRUNNEICAPILLUS
121,CALIFORNIA CONDOR,GYMNOGYPS CALIFORNIANUS
122,CALIFORNIA GULL,LARUS CALIFORNICUS
123,CALIFORNIA QUAIL,CALLIPEPLA CALIFORNICA
124,CAMPO FLICKER,COLAPTES CAMPESTRIS
125,CANARY,SERINUS CANARIA DOMESTICA
126,CANVASBACK,AYTHYA VALISINERIA
127,CAPE GLOSSY STARLING,LAMPROTORNIS NITENS
128,CAPE LONGCLAW,MACRONYX CAPENSIS
129,CAPE MAY WARBLER,SETOPHAGA TIGRINA
130,CAPE ROCK THRUSH,MONTICOLA RUPESTRIS
131,CAPPED HERON,PILHERODIUS PILEATUS
132,CAPUCHINBIRD,PERISSOCEPHALUS TRICOLOR
133,CARMINE BEE-EATER,MEROPS NUBICOIDES
134,CASPIAN TERN,HYDROPROGNE CASPIA
135,CASSOWARY,CASUARIUS
136,CEDAR WAXWING,BOMBYCILLA CEDRORUM
137,CERULEAN WARBLER,SETOPHAGA CERULEA
138,CHARA DE COLLAR,CYANOLYCA ARMILLATA
139,CHATTERING LORY,LORIUS GARRULUS
140,CHESTNET BELLIED EUPHONIA,EUPHONIA PECTORALIS
141,CHESTNUT WINGED CUCKOO, CLAMATOR COROMANDUS
142,CHINESE BAMBOO PARTRIDGE,BAMBUSICOLA THORACICUS
143,CHINESE POND HERON,ARDEOLA BACCHUS
144,CHIPPING SPARROW,SPIZELLA PASSERINA
145,CHUCAO TAPACULO,SCELORCHILUS RUBECULA
146,CHUKAR PARTRIDGE,ALECTORIS CHUKAR
147,CINNAMON ATTILA,ATTILA CINNAMOMEUS
148,CINNAMON FLYCATCHER,PYRRHOMYIAS CINNAMOMEUS
149,CINNAMON TEAL,ANAS CYANOPTERA
150,CLARKS GREBE,AECHMOPHORUS CLARKII
151,CLARKS NUTCRACKER,NUCIFRAGA COLUMBIANA
152,COCK OF THE  ROCK,RUPICOLA
153,COCKATOO,CACATUIDAE
154,COLLARED ARACARI,PTEROGLOSSUS TORQUATUS
155,COLLARED CRESCENTCHEST,MELANOPAREIA TORQUATA
156,COMMON FIRECREST,REGULUS IGNICAPILLA
157,COMMON GRACKLE,QUISCALUS QUISCULA
158,COMMON HOUSE MARTIN,DELICHON URBICUM
159,COMMON IORA,AEGITHINA TIPHIA
160,COMMON LOON,GAVIA IMMER
161,COMMON POORWILL,PHALAENOPTILUS NUTTALLII
162,COMMON STARLING,STURNUS VULGARIS
163,COPPERSMITH BARBET,MEGALAIMA HAEMACEPHALA
164,COPPERY TAILED COUCAL,CENTROPUS CUPREICAUDUS
165,CRAB PLOVER,DROMAS ARDEOLA
166,CRANE HAWK,GERANOSPIZA CAERULESCENS
167,CREAM COLORED WOODPECKER,CELEUS FLAVUS
168,CRESTED AUKLET,AETHIA CRISTATELLA
169,CRESTED CARACARA,CARACARA CHERIWAY
170,CRESTED COUA,COUA CRISTATA
171,CRESTED FIREBACK,LOPHURA IGNITA
172,CRESTED KINGFISHER,MEGACERYLE LUGUBRIS
173,CRESTED NUTHATCH,SITTA CAROLINENSIS
174,CRESTED OROPENDOLA,PSAROCOLIUS DECUMANUS
175,CRESTED SERPENT EAGLE,SPILORNIS CHEELA
176,CRESTED SHRIKETIT,FALCUNCULUS FRONTATUS
177,CRESTED WOOD PARTRIDGE,ROLLULUS ROULOUL
178,CRIMSON CHAT,EPTHIANURA TRICOLOR
179,CRIMSON SUNBIRD,AETHOPYGA SIPARAJA
180,CROW,CORVUS
181,CUBAN TODY,TODUS MULTICOLOR
182,CUBAN TROGON,PRIOTELUS TEMNURUS
183,CURL CRESTED ARACURI,PTEROGLOSSUS BEAUHARNAESII
184,DALMATIAN PELICAN,PELECANUS CRISPUS
185,DARJEELING WOODPECKER,DENDROCOPOS DARJELLENSIS
186,DARK EYED JUNCO,JUNCO HYEMALIS
187,D-ARNAUDS BARBET,TRACHYPHONUS DARNAUDII
188,DAURIAN REDSTART,PHOENICURUS AUROREUS
189,DEMOISELLE CRANE,GRUS VIRGO
190,DOUBLE BARRED FINCH,TAENIOPYGIA BICHENOVII
191,DOUBLE BRESTED CORMARANT,PHALACROCORAX AURITUS
192,DOUBLE EYED FIG PARROT,CYCLOPSITTA DIOPHTHALMA
193,DOWNY WOODPECKER,PICOIDES PUBESCENS
194,DUNLIN,CALIDRIS ALPINA
195,DUSKY LORY,PSEUDEOS FUSCATA
196,DUSKY ROBIN,MELANODRYAS VITTATA
197,EARED PITA,HYDRORNIS PHAYREI
198,EASTERN BLUEBIRD,SIALIA SIALIS
199,EASTERN BLUEBONNET,NORTHIELLA HAEMATOGASTER
200,EASTERN GOLDEN WEAVER,PLOCEUS SUBAUREUS
201,EASTERN MEADOWLARK,STURNELLA MAGNA
202,EASTERN ROSELLA,PLATYCERCUS EXIMIUS
203,EASTERN TOWEE,PIPILO ERYTHROPHTHALMUS
204,EASTERN WIP POOR WILL,ANTROSTOMUS VOCIFERUS
205,EASTERN YELLOW ROBIN,EOPSALTRIA AUSTRALIS
206,ECUADORIAN HILLSTAR,OREOTROCHILUS CHIMBORAZO
207,EGYPTIAN GOOSE,ALOPOCHEN AEGYPTIACA
208,ELEGANT TROGON,TROGON ELEGANS
209,ELLIOTS  PHEASANT,SYRMATICUS ELLIOTI
210,EMERALD TANAGER,TANGARA FLORIDA
211,EMPEROR PENGUIN,APTENODYTES FORSTERI
212,EMU,DROMAIUS NOVAEHOLLANDIAE
213,ENGGANO MYNA,GRACULA ENGANENSIS
214,EURASIAN BULLFINCH,PYRRHULA PYRRHULA
215,EURASIAN GOLDEN ORIOLE,ORIOLUS ORIOLUS
216,EURASIAN MAGPIE,PICA PICA
217,EUROPEAN GOLDFINCH,CARDUELIS CARDUELIS
218,EUROPEAN TURTLE DOVE,STREPTOPELIA TURTUR
219,EVENING GROSBEAK,COCCOTHRAUSTES VESPERTINUS
220,FAIRY BLUEBIRD,IRENA
221,FAIRY PENGUIN,EUDYPTULA MINOR
222,FAIRY TERN,STERNULA NEREIS
223,FAN TAILED WIDOW,EUPLECTES AXILLARIS
224,FASCIATED WREN,CAMPYLORHYNCHUS FASCIATUS
225,FIERY MINIVET,PERICROCOTUS IGNEUS
226,FIORDLAND PENGUIN,EUDYPTES PACHYRHYNCHUS
227,FIRE TAILLED MYZORNIS,MYZORNIS PYRRHOURA
228,FLAME BOWERBIRD,SERICULUS ARDENS
229,FLAME TANAGER,PIRANGA BIDENTATA
230,FOREST WAGTAIL,DENDRONANTHUS INDICUS
231,FRIGATE,FREGATIDAE
232,FRILL BACK PIGEON,COLUMBA LIVIA DOMESTICA
233,GAMBELS QUAIL,CALLIPEPLA GAMBELII
234,GANG GANG COCKATOO,CALLOCEPHALON FIMBRIATUM
235,GILA WOODPECKER,MELANERPES UROPYGIALIS
236,GILDED FLICKER,COLAPTES AURATUS
237,GLOSSY IBIS,PLEGADIS FALCINELLUS
238,GO AWAY BIRD,CORYTHAIXOIDES CONCOLOR
239,GOLD WING WARBLER,VERMIVORA CHRYSOPTERA
240,GOLDEN BOWER BIRD,PRIONODURA NEWTONIANA
241,GOLDEN CHEEKED WARBLER,SETOPHAGA CHRYSOPARIA
242,GOLDEN CHLOROPHONIA,CHLOROPHONIA CALLOPHRYS
243,GOLDEN EAGLE,AQUILA CHRYSAETOS
244,GOLDEN PARAKEET,GUARUBA GUAROUBA
245,GOLDEN PHEASANT,CHRYSOLOPHUS PICTUS
246,GOLDEN PIPIT,TMETOTHYLACUS TENELLUS
247,GOULDIAN FINCH,ERYTHRURA GOULDIAE
248,GRANDALA,GRANDALA COELICOLOR
249,GRAY CATBIRD,DUMETELLA CAROLINENSIS
250,GRAY KINGBIRD,TYRANNUS DOMINICENSIS
251,GRAY PARTRIDGE,PERDIX PERDIX
252,GREAT ARGUS,ARGUSIANUS ARGU
253,GREAT GRAY OWL,STRIX NEBULOSA
254,GREAT JACAMAR,JACAMEROPS AUREUS
255,GREAT KISKADEE,PITANGUS SULPHURATUS
256,GREAT POTOO,NYCTIBIUS GRANDIS
257,GREAT TINAMOU,TINAMUS MAJOR
258,GREAT XENOPS,MEGAXENOPS PARNAGUAE
259,GREATER PEWEE,CONTOPUS PERTINAX
260,GREATER PRAIRIE CHICKEN,TYMPANUCHUS CUPIDO
261,GREATOR SAGE GROUSE,CENTROCERCUS UROPHASIANUS
262,GREEN BROADBILL,CALYPTOMENA VIRIDIS
263,GREEN JAY,CYANOCORAX YNCAS
264,GREEN MAGPIE,CISSA CHINENSIS
265,GREEN WINGED DOVE,CHALCOPHAPS INDICA
266,GREY CUCKOOSHRIKE,CORACINA CAESIA
267,GREY HEADED CHACHALACA,ORTALIS CINEREICEPS
268,GREY HEADED FISH EAGLE,ICHTHYOPHAGA ICHTHYAETUS
269,GREY PLOVER,PLUVIALIS SQUATAROLA
270,GROVED BILLED ANI,CROTOPHAGA SULCIROSTRIS
271,GUINEA TURACO,TAURACO PERSA
272,GUINEAFOWL,NUMIDIDAE
273,GURNEYS PITTA,HYDRORNIS GURNEYI
274,GYRFALCON,FALCO RUSTICOLUS
275,HAMERKOP,SCOPUS UMBRETTA
276,HARLEQUIN DUCK,HISTRIONICUS HISTRIONICUS
277,HARLEQUIN QUAIL,COTURNIX DELEGORGUEI
278,HARPY EAGLE,HARPIA HARPYJA
279,HAWAIIAN GOOSE,BRANTA SANDVICENSIS
280,HAWFINCH,COCCOTHRAUSTES COCCOTHRAUSTES
281,HELMET VANGA,EURYCEROS PREVOSTII
282,HEPATIC TANAGER,PIRANGA FLAVA
283,HIMALAYAN BLUETAIL,TARSIGER RUFILATUS
284,HIMALAYAN MONAL,LOPHOPHORUS IMPEJANUS
285,HOATZIN,OPHISTHOCOMUS HOAZIN
286,HOODED MERGANSER,LOPHODYTES CUCULLATUS
287,HOOPOES,UPUPIDAE
288,HORNED GUAN,OREOPHASIS DERBIANUS
289,HORNED LARK,EREMOPHILA ALPESTRIS
290,HORNED SUNGEM,HELIACTIN BILOPHUS
291,HOUSE FINCH,HAEMORHOUS MEXICANUS
292,HOUSE SPARROW,PASSER DOMESTICUS
293,HYACINTH MACAW,ANODORHYNCHUS HYACINTHINUS
294,IBERIAN MAGPIE,CYANOPICA COOKI
295,IBISBILL,IBIDORHYNCHA STRUTHERSII
296,IMPERIAL SHAQ,LEUCOCARBO ATRICEPS
297,INCA TERN,LAROSTERNA INCA
298,INDIAN BUSTARD,ARDEOTIS NIGRICEPS
299,INDIAN PITTA,PITTA BRACHYURA
300,INDIAN ROLLER,CORACIAS BENGHALENSIS
301,INDIAN VULTURE,GYPS INDICUS
302,INDIGO BUNTING,PASSERINA CYANEA
303,INDIGO FLYCATCHER,EUMYIAS INDIGO
304,INLAND DOTTEREL,CHARADRIUS AUSTRALIS
305,IVORY BILLED ARACARI,PTEROGLOSSUS AZARA
306,IVORY GULL,PAGOPHILA EBURNEA
307,IWI, VESTIARIA COCCINEA.
308,JABIRU,JABIRU MYCTERIA
309,JACK SNIPE,LYMNOCRYPTES MINIMUS
310,JACOBIN PIGEON,COLUMBA LIVIA
311,JANDAYA PARAKEET,ARATINGA JANDAYA
312,JAPANESE ROBIN,ERITHACUS AKAHIGE
313,JAVA SPARROW,LONCHURA ORYZIVORA
314,JOCOTOCO ANTPITTA,GRALLARIA RIDGELYI
315,KAGU,RHYNOCHETOS JUBATUS
316,KAKAPO,STRIGOPS HABROPTILUS
317,KILLDEAR,CHARADRIUS VOCIFERUS
318,KING EIDER,SOMATERIA SPECTABILIS
319,KING VULTURE,SARCORAMPHUS PAPA
320,KIWI,APTERYX
321,KNOB BILLED DUCK,SARKIDIORNIS MELANOTOS
322,KOOKABURRA,DACELO
323,LARK BUNTING,CALAMOSPIZA MELANOCORYS
324,LAUGHING GULL,LEUCOPHAEUS ATRICILLA
325,LAZULI BUNTING,PASSERINA AMOENA
326,LESSER ADJUTANT,LEPTOPTILOS JAVANICUS
327,LILAC ROLLER,CORACIAS CAUDATUS
328,LIMPKIN,ARAMUS GUARAUNA
329,LITTLE AUK,ALLE ALLE
330,LOGGERHEAD SHRIKE,LANIUS LUDOVICIANUS
331,LONG-EARED OWL,ASIO OTUS
332,LOONEY BIRDS,LUNATICUS AMERICONIS
333,LUCIFER HUMMINGBIRD,CALOTHORAX LUCIFER
334,MAGPIE GOOSE,ANSERANAS SEMIPALMATA
335,MALABAR HORNBILL,OCYCEROS GRISEUS
336,MALACHITE KINGFISHER,CORYTHORNIS CRISTATUS
337,MALAGASY WHITE EYE,ZOSTEROPS MADERASPATANUS
338,MALEO,MACROCEPHALON MALEO
339,MALLARD DUCK,ANAS PLATYRHYNCHOS
340,MANDRIN DUCK,AIX GALERICULATA
341,MANGROVE CUCKOO,COCCYZUS MINOR
342,MARABOU STORK,LEPTOPTILOS CRUMENIFER
343,MASKED BOBWHITE,COLINUS VIRGINIANUS RIDGWAYI
344,MASKED BOOBY,SULA DACTYLATRA
345,MASKED LAPWING,VANELLUS MILES
346,MCKAYS BUNTING,PLECTROPHENAX HYPERBOREUS
347,MERLIN,FALCO COLUMBARIUS
348,MIKADO  PHEASANT,SYRMATICUS MIKADO
349,MILITARY MACAW,ARA MILITARIS
350,MOURNING DOVE,ZENAIDA MACROURA
351,MYNA,ACRIDOTHERES TRISTIS
352,NICOBAR PIGEON,CALOENAS NICOBARICA
353,NOISY FRIARBIRD,PHILEMON CORNICULATUS
354,NORTHERN BEARDLESS TYRANNULET,CAMPTOSTOMA IMBERBE
355,NORTHERN CARDINAL,CARDINALIS CARDINALIS
356,NORTHERN FLICKER,COLAPTES AURATUS
357,NORTHERN FULMAR,FULMARUS GLACIALIS
358,NORTHERN GANNET,MORUS BASSANUS
359,NORTHERN GOSHAWK,ACCIPITER GENTILIS
360,NORTHERN JACANA,JACANA SPINOSA
361,NORTHERN MOCKINGBIRD,MIMUS POLYGLOTTOS
362,NORTHERN PARULA,SETOPHAGA AMERICANA
363,NORTHERN RED BISHOP,EUPLECTES FRANCISCANUS
364,NORTHERN SHOVELER,SPATULA CLYPEATA
365,OCELLATED TURKEY,MELEAGRIS OCELLATA
366,OILBIRD,STEATORNIS CARIPENSIS
367,OKINAWA RAIL,GALLIRALLUS OKINAWAE
368,ORANGE BREASTED TROGON,HARPACTES ORESKIOS
369,ORANGE BRESTED BUNTING,PASSERINA LECLANCHERII
370,ORIENTAL BAY OWL,PHODILUS BADIUS
371,ORNATE HAWK EAGLE,SPIZAETUS ORNATUS
372,OSPREY,PANDION HALIAETUS
373,OSTRICH,STRUTHIO CAMELUS
374,OVENBIRD,SEIURUS AUROCAPILLA
375,OYSTER CATCHER,HAEMATOPUS
376,PAINTED BUNTING,PASSERINA CIRIS
377,PALILA,LOXIOIDES BAILLEUI
378,PALM NUT VULTURE,GYPOHIERAX ANGOLENSIS
379,PARADISE TANAGER,TANGARA CHILENSIS
380,PARAKETT  AKULET,AETHIA PSITTACULA
381,PARUS MAJOR,PARUS MAJOR
382,PATAGONIAN SIERRA FINCH,PHRYGILUS PATAGONICUS
383,PEACOCK,PAVO CRISTATUS
384,PEREGRINE FALCON,FALCO PEREGRINUS
385,PHAINOPEPLA,PHAINOPEPLA NITENS
386,PHILIPPINE EAGLE,PITHECOPHAGA JEFFERYI
387,PINK ROBIN,PETROICA RODINOGASTER
388,PLUSH CRESTED JAY,CYANOCORAX CHRYSOPS
389,POMARINE JAEGER,STERCORARIUS POMARINUS
390,PUFFIN,FRATERCULA
391,PUNA TEAL,ANAS PUNA
392,PURPLE FINCH,HAEMORHOUS PURPUREUS
393,PURPLE GALLINULE,PORPHYRIO MARTINICUS
394,PURPLE MARTIN,PROGNE SUBIS
395,PURPLE SWAMPHEN,PORPHYRIO PORPHYRIO
396,PYGMY KINGFISHER,ISPIDINA PICTA
397,PYRRHULOXIA,CARDINALIS SINUATUS
398,QUETZAL,PHAROMACHRUS MOCINNO
399,RAINBOW LORIKEET,TRICHOGLOSSUS MOLUCCANUS
400,RAZORBILL,ALCA TORDA
401,RED BEARDED BEE EATER,NYCTYORNIS AMICTUS
402,RED BELLIED PITTA,PITTA ERYTHROGASTER
403,RED BILLED TROPICBIRD,PHAETHON AETHEREU
404,RED BROWED FINCH,NEOCHMIA TEMPORALIS
405,RED CROSSBILL,LOXIA CURVIROSTRA
406,RED FACED CORMORANT,PHALACROCORAX URILE
407,RED FACED WARBLER,CARDELLINA RUBRIFRONS
408,RED FODY,FOUDIA MADAGASCARIENSIS
409,RED HEADED DUCK,AYTHYA AMERICANA
410,RED HEADED WOODPECKER,MELANERPES ERYTHROCEPHALUS
411,RED KNOT,CALIDRIS CANUTUS
412,RED LEGGED HONEYCREEPER,CYANERPES CYANEUS
413,RED NAPED TROGON,HARPACTES KASUMBA
414,RED SHOULDERED HAWK,BUTEO LINEATUS
415,RED TAILED HAWK,BUTEO JAMAICENSIS
416,RED TAILED THRUSH,NEOCOSSYPHUS RUFUS
417,RED WINGED BLACKBIRD,AGELAIUS PHOENICEUS
418,RED WISKERED BULBUL,PYCNONOTUS JOCOSUS
419,REGENT BOWERBIRD,SERICULUS CHRYSOCEPHALUS
420,RING-NECKED PHEASANT,PHASIANUS COLCHICUS
421,ROADRUNNER,GEOCOCCYX
422,ROCK DOVE,COLUMBA LIVIA
423,ROSE BREASTED COCKATOO,EOLOPHUS ROSEICAPILLA
424,ROSE BREASTED GROSBEAK,PHEUCTICUS LUDOVICIANUS
425,ROSEATE SPOONBILL,PLATALEA AJAJA
426,ROSY FACED LOVEBIRD,AGAPORNIS ROSEICOLLIS
427,ROUGH LEG BUZZARD,BUTEO LAGOPUS
428,ROYAL FLYCATCHER,ONYCHORHYNCHUS
429,RUBY CROWNED KINGLET,REGULUS CALENDULA
430,RUBY THROATED HUMMINGBIRD,ARCHILOCHUS COLUBRIS
431,RUDDY SHELDUCK,TADORNA FERRUGINEA
432,RUDY KINGFISHER,HALCYON COROMANDA
433,RUFOUS KINGFISHER,CHLOROCERYLE INDA
434,RUFOUS TREPE,DENDROCITTA VAGABUNDA
435,RUFUOS MOTMOT,BARYPHTHENGUS MARTII
436,SAMATRAN THRUSH,MYOPHONUS CASTANEUS
437,SAND MARTIN,RIPARIA RIPARIA
438,SANDHILL CRANE,GRUS CANADENSIS
439,SATYR TRAGOPAN,TRAGOPAN SATYRA
440,SAYS PHOEBE,SAYORNIS SAYA
441,SCARLET CROWNED FRUIT DOVE,PTILINOPUS INSULARIS
442,SCARLET FACED LIOCICHLA,LIOCICHLA RIPPONI
443,SCARLET IBIS,EUDOCIMUS RUBER
444,SCARLET MACAW,ARA MACAO
445,SCARLET TANAGER,PIRANGA OLIVACEA
446,SHOEBILL,BALAENICEPS REX
447,SHORT BILLED DOWITCHER,LIMNODROMUS GRISEUS
448,SMITHS LONGSPUR,CALCARIUS PICTUS
449,SNOW GOOSE,ANSER CAERULESCENS
450,SNOW PARTRIDGE,LERWA LERWA
451,SNOWY EGRET,EGRETTA THULA
452,SNOWY OWL,BUBO SCANDIACUS
453,SNOWY PLOVER,CHARADRIUS NIVOSUS
454,SNOWY SHEATHBILL,CHIONIS ALBUS
455,SORA,PORZANA CAROLINA
456,SPANGLED COTINGA,COTINGA CAYANA
457,SPLENDID WREN,MALURUS SPLENDENS
458,SPOON BILED SANDPIPER,CALIDRIS PYGMAEA
459,SPOTTED CATBIRD,AILUROEDUS MACULOSUS
460,SPOTTED WHISTLING DUCK,DENDROCYGNA GUTTATA
461,SQUACCO HERON,ARDEOLA RALLOIDES
462,SRI LANKA BLUE MAGPIE,UROCISSA ORNATA
463,STEAMER DUCK,TACHYERES
464,STORK BILLED KINGFISHER,PELARGOPSIS CAPENSIS
465,STRIATED CARACARA,PHALCOBOENUS AUSTRALIS
466,STRIPED OWL,ASIO CLAMATOR
467,STRIPPED MANAKIN,MACHAEROPTERUS REGULUS
468,STRIPPED SWALLOW,CECROPIS ABYSSINICA
469,SUNBITTERN, EURYPYGA HELIAS
470,SUPERB STARLING,LAMPROTORNIS SUPERBUS
471,SURF SCOTER,MELANITTA PERSPICILLATA
472,SWINHOES PHEASANT,LOPHURA SWINHOII
473,TAILORBIRD,ORTHOTOMUS ATROGULARIS
474,TAIWAN MAGPIE,UROCISSA CAERULEA
475,TAKAHE,PORPHYRIO HOCHSTETTERI
476,TASMANIAN HEN,TRIBONYX MORTIERII
477,TAWNY FROGMOUTH,PODARGUS STRIGOIDES
478,TEAL DUCK,ANAS CRECCA
479,TIT MOUSE,PARIDAE
480,TOUCHAN,RAMPHASTIDAE
481,TOWNSENDS WARBLER,SETOPHAGA TOWNSENDI
482,TREE SWALLOW,TACHYCINETA BICOLOR
483,TRICOLORED BLACKBIRD,AGELAIUS TRICOLOR
484,TROPICAL KINGBIRD,TYRANNUS MELANCHOLICUS
485,TRUMPTER SWAN,CYGNUS BUCCINATOR
486,TURKEY VULTURE,CATHARTES AURA
487,TURQUOISE MOTMOT,EUMOMOTA SUPERCILIOSA
488,UMBRELLA BIRD,CEPHALOPTERUS
489,VARIED THRUSH,IXOREUS NAEVIUS
490,VEERY,CATHARUS FUSCESCENS
491,VENEZUELIAN TROUPIAL,ICTERUS ICTERUS
492,VERDIN,AURIPARUS FLAVICEPS
493,VERMILION FLYCATHER,PYROCEPHALUS OBSCURUS
494,VICTORIA CROWNED PIGEON,GOURA VICTORIA
495,VIOLET BACKED STARLING,CINNYRICINCLUS LEUCOGASTER
496,VIOLET CUCKOO, CHRYSOCOCCYX XANTHORHYNCHUS
497,VIOLET GREEN SWALLOW,TACHYCINETA THALASSINA
498,VIOLET TURACO,MUSOPHAGA VIOLACEA
499,VISAYAN HORNBILL,PENELOPIDES PANINI
500,VULTURINE GUINEAFOWL,ACRYLLIUM VULTURINUM
501,WALL CREAPER,TICHODROMA MURARIA
502,WATTLED CURASSOW,CRAX GLOBULOSA
503,WATTLED LAPWING,VANELLUS INDICUS
504,WHIMBREL,NUMENIUS PHAEOPUS
505,WHITE BREASTED WATERHEN,AMAURORNIS PHOENICURUS
506,WHITE BROWED CRAKE,AMAURORNIS CINEREA
507,WHITE CHEEKED TURACO,TAURACO LEUCOTIS
508,WHITE CRESTED HORNBILL,TROPICRANUS ALBOCRISTATUS
509,WHITE EARED HUMMINGBIRD,BASILINNA LEUCOTIS
510,WHITE NECKED RAVEN,CORVUS ALBICOLLIS
511,WHITE TAILED TROPIC,PHAETHON LEPTURUS
512,WHITE THROATED BEE EATER,MEROPS ALBICOLLIS
513,WILD TURKEY,MELEAGRIS GALLOPAVO
514,WILLOW PTARMIGAN,LAGOPUS LAGOPUS
515,WILSONS BIRD OF PARADISE,CICINNURUS RESPUBLICA
516,WOOD DUCK,AIX SPONSA
517,WOOD THRUSH,HYLOCICHLA MUSTELINA
518,WOODLAND KINGFISHER,HALCYON SENEGALENSIS
519,WRENTIT,CHAMAEA FASCIATA
520,YELLOW BELLIED FLOWERPECKER,DICAEUM MELANOXANTHUM
521,YELLOW BREASTED CHAT,ICTERIA VIRENS
522,YELLOW CACIQUE,CACICUS CELA
523,YELLOW HEADED BLACKBIRD,XANTHOCEPHALUS
524,ZEBRA DOVE,GEOPELIA STRIATA
